EMP_NAME,EMP_DEPT,EMP_SAL,AVG_SAL,DNS_RNK
chaintanya,F,2100,1733.333333333333333333333333333333333333,1
prem,F,100,1733.333333333333333333333333333333333333,1
dinesh,F,3000,1733.333333333333333333333333333333333333,1
