EMP_NAME,EMP_DEPT,EMP_SAL,AVG_SAL,DNS_RNK
chaintanya,F,2100,1733.333333333333333333333333333333333333,1
prem,F,100,1733.333333333333333333333333333333333333,1
dinesh,F,3000,1733.333333333333333333333333333333333333,1
pramod,C,1600,1600,2
kumar,D,1500,1500,3
ram,B,400,800,4
vemi,B,1200,800,4
sree,A,900,750,5
sai,A,600,750,5
avinash,E,200,200,6
